Time,Speed,Fuel,Acceleration,Efficiency,Status
08:01,62,89.8,7.0,0.690423162583519,Normal
08:02,70,89.0,8.0,0.7865168539325843,Normal
08:04,65,87.9,15.0,0.7394766780432309,Normal
08:06,75,86.0,30.0,0.872093023255814,Normal
08:08,72,84.9,12.0,0.8480565371024734,Normal
08:11,68,83.0,28.0,0.8192771084337349,Normal
